rank,forma,colocacion,muestra,cubierto,gaps_servidos,exceso,n_gaps_error,densidad,incertidumbre_anchura_media,n_componentes_periodicas,conecta_a1,conecta_a2,mallabilidad,motivo_mallado
1,square,6,1,1.0,1.0,7.650688399514048,5,0.4150390625,0.07887636870145798,5,True,True,no_conexa,5_componentes_periodicas
2,square,12,1,1.0,1.0,4.503985750267584,6,0.50714111328125,0.049798544496297836,2,True,True,no_conexa,2_componentes_periodicas
3,hexagonal,2,0,1.0,1.0,8.594436638926291,6,0.42449951171875,0.07953131198883057,1,True,True,mallable,ok
4,hexagonal,10,1,1.0,1.0,16.69880393964359,8,0.5716552734375,0.12659171223640442,5,True,True,no_conexa,5_componentes_periodicas
5,hexagonal,11,1,1.0,1.0,14.201075839026974,8,0.5201416015625,0.23864242434501648,3,True,True,no_conexa,3_componentes_periodicas
6,rectangular,1,1,1.0,1.0,10.593223187672617,6,0.5333251953125,0.07652223110198975,3,True,True,no_conexa,3_componentes_periodicas
7,rectangular,7,0,1.0,1.0,15.701326395849232,7,0.34246826171875,0.10057073831558228,4,True,True,no_conexa,4_componentes_periodicas
8,rhombic,4,1,1.0,1.0,5.5949828906726,5,0.5103759765625,0.04515273869037628,2,True,True,no_conexa,2_componentes_periodicas
9,rhombic,10,0,1.0,1.0,14.184473399470898,12,0.3887939453125,0.13717642426490784,2,True,True,no_conexa,2_componentes_periodicas
10,rhombic,12,1,1.0,1.0,29.134751327864233,10,0.37371826171875,0.18194317817687988,3,True,True,no_conexa,3_componentes_periodicas
11,rhombic,13,0,1.0,1.0,8.424936919968408,7,0.35089111328125,0.06033027172088623,4,True,True,no_conexa,4_componentes_periodicas
12,oblique,7,1,1.0,1.0,7.758955070328205,8,0.375732421875,0.0699056088924408,2,True,True,no_conexa,2_componentes_periodicas
13,oblique,9,0,1.0,1.0,10.027396033819924,6,0.30889892578125,0.06863605231046677,3,False,True,no_conexa,3_componentes_periodicas
14,oblique,11,1,1.0,1.0,11.550866760208708,4,0.4423828125,0.10294318199157715,3,True,True,no_conexa,3_componentes_periodicas
15,oblique,13,1,1.0,1.0,9.567509401856821,1,0.456787109375,0.0972084105014801,2,True,True,no_conexa,2_componentes_periodicas
16,hexagonal1,10,0,1.0,1.0,24.890052710996255,11,0.323486328125,0.1690741926431656,4,True,True,no_conexa,4_componentes_periodicas
17,hexagonal1,11,0,1.0,1.0,2.7831325929567052,1,0.78057861328125,0.03741707280278206,1,True,True,mallable,ok
18,hexagonal1,13,1,1.0,1.0,5.224732767846671,7,0.6053466796875,0.04852160066366196,1,True,True,mallable,ok
19,hexagonal2,1,0,1.0,1.0,9.420662770137104,5,0.4459228515625,0.08310751616954803,2,True,True,no_conexa,2_componentes_periodicas
20,hexagonal2,3,1,1.0,1.0,14.551431886759616,6,0.24249267578125,0.12815618515014648,6,True,True,no_conexa,6_componentes_periodicas
21,hexagonal2,5,1,1.0,1.0,8.091024459201147,6,0.3236083984375,0.03866124898195267,3,True,True,no_conexa,3_componentes_periodicas
22,hexagonal2,7,1,1.0,1.0,11.749327631652228,8,0.39385986328125,0.11870202422142029,4,True,True,no_conexa,4_componentes_periodicas
23,hexagonal2,9,1,1.0,1.0,8.857384708316282,7,0.47296142578125,0.06024899333715439,3,True,True,no_conexa,3_componentes_periodicas
24,oblique,8,1,0.9953503098541319,1.0,7.857649079757039,8,0.5135498046875,0.04337933287024498,2,True,True,no_conexa,2_componentes_periodicas
25,square,5,1,0.9883572568377239,1.0,12.865068150772684,5,0.5296630859375,0.12770718336105347,2,True,True,no_conexa,2_componentes_periodicas
26,rhombic,8,1,0.9774943100846032,1.0,12.212325874494843,7,0.345947265625,0.13168302178382874,8,True,True,no_conexa,8_componentes_periodicas
27,oblique,4,0,0.9619311644568554,1.0,6.704569292170613,6,0.49102783203125,0.06201973930001259,3,True,True,no_conexa,3_componentes_periodicas
28,hexagonal1,14,0,0.9491171899985639,1.0,10.261806826681548,7,0.24774169921875,0.06595976650714874,3,True,True,no_conexa,3_componentes_periodicas
29,rectangular,4,0,0.9310922172661373,1.0,9.657334193378706,8,0.47039794921875,0.08125206083059311,1,True,True,mallable,ok
30,hexagonal1,5,0,0.9307311124518017,1.0,9.209047898355701,7,0.2962646484375,0.06547777354717255,4,True,True,no_conexa,4_componentes_periodicas
31,rhombic,6,1,0.8920112513703636,1.0,9.289893312029639,5,0.2728271484375,0.07606887817382812,4,False,True,no_conexa,4_componentes_periodicas
32,hexagonal1,6,1,0.881919998519818,1.0,9.269961984032536,8,0.39080810546875,0.057911794632673264,8,True,True,no_conexa,8_componentes_periodicas
33,hexagonal1,8,1,0.8705803387741821,1.0,7.449668470886887,7,0.69720458984375,0.05382637307047844,2,True,True,no_conexa,2_componentes_periodicas
34,oblique,0,1,0.8002154397515927,1.0,4.610358312709194,7,0.5599365234375,0.028033223003149033,3,True,True,no_conexa,3_componentes_periodicas
35,oblique,9,1,0.7932554797314091,1.0,12.912915376862482,9,0.437255859375,0.10775043815374374,2,True,True,no_conexa,2_componentes_periodicas
36,square,12,0,0.7793567628021312,1.0,7.960449833780648,8,0.41705322265625,0.040848176926374435,6,True,True,no_conexa,6_componentes_periodicas
37,rhombic,1,0,0.7716304484622529,1.0,5.286522017366434,5,0.562744140625,0.06936431676149368,1,True,True,mallable,ok
38,rhombic,7,0,0.7474962478564834,1.0,5.5430166420518105,8,0.51312255859375,0.050693780183792114,,,,no_evaluada,
39,hexagonal2,13,0,0.746977935788039,1.0,7.5842830495500255,8,0.44287109375,0.07305315136909485,,,,no_evaluada,
40,square,3,0,0.7418159250824236,1.0,4.628334763534399,5,0.48150634765625,0.03556974232196808,,,,no_evaluada,
41,rectangular,4,1,0.7382698832562291,1.0,4.730664392501065,3,0.2724609375,0.1133633628487587,,,,no_evaluada,
42,rhombic,12,0,0.7161486355472051,1.0,5.423516870318979,5,0.38238525390625,0.044543419033288956,,,,no_evaluada,
43,hexagonal,0,0,0.7066183260569099,1.0,3.805803437412359,5,0.51702880859375,0.05068933591246605,,,,no_evaluada,
44,hexagonal2,14,0,0.7049378786097986,1.0,4.832217546775833,6,0.58746337890625,0.05774944648146629,,,,no_evaluada,
45,hexagonal,13,0,0.704174721831015,1.0,15.257067543302,5,0.39447021484375,0.16208826005458832,,,,no_evaluada,
46,hexagonal2,5,0,0.6977806955079889,1.0,6.512016482919823,8,0.27392578125,0.06431611627340317,,,,no_evaluada,
47,square,9,1,0.6854735157620451,1.0,9.994806355370226,8,0.714111328125,0.06885320693254471,,,,no_evaluada,
48,hexagonal,9,0,0.6481981360261222,1.0,13.061782792349769,9,0.604248046875,0.0778450146317482,,,,no_evaluada,
49,rectangular,8,1,0.6266523603098374,1.0,6.309147289103085,7,0.43170166015625,0.08775198459625244,,,,no_evaluada,
50,rectangular,11,0,0.6262726600876797,1.0,4.186881458217733,6,0.55462646484375,0.05918016657233238,,,,no_evaluada,
51,square,8,0,0.6116095756602441,1.0,6.01180969825955,5,0.70550537109375,0.03135671094059944,,,,no_evaluada,
52,rhombic,9,1,0.5942233660519379,1.0,5.9378447096561455,8,0.4718017578125,0.03925206884741783,,,,no_evaluada,
53,hexagonal1,6,0,0.5416151878102041,1.0,5.2387013339706066,6,0.676513671875,0.032101865857839584,,,,no_evaluada,
54,oblique,10,1,0.5389087643478783,1.0,3.259255809916313,3,0.58966064453125,0.03514309227466583,,,,no_evaluada,
55,oblique,12,0,0.5331999741464848,1.0,6.736813698290098,8,0.32318115234375,0.04967152699828148,,,,no_evaluada,
56,hexagonal,1,1,0.5320306054956602,1.0,3.7679439243835593,9,0.4620361328125,0.03441518545150757,,,,no_evaluada,
57,square,14,1,0.5285962913368311,1.0,2.5131097314705144,3,0.70751953125,0.0326259583234787,,,,no_evaluada,
58,hexagonal2,1,1,0.5124136920067748,1.0,4.197101916556352,6,0.57159423828125,0.027781710028648376,,,,no_evaluada,
59,rhombic,3,0,0.5094550353415194,1.0,6.682193583845452,4,0.55023193359375,0.06098117306828499,,,,no_evaluada,
60,oblique,6,0,0.48120665508225535,0.0,6.0895696401748225,7,0.36358642578125,0.03923865035176277,,,,no_evaluada,
61,square,2,1,0.4585489422751975,0.0,6.369654169497111,7,0.6551513671875,0.038649916648864746,,,,no_evaluada,
62,hexagonal2,6,1,0.4512538302970044,0.0,7.325866920085754,7,0.55316162109375,0.036581262946128845,,,,no_evaluada,
63,hexagonal1,1,0,0.4285084800337164,0.0,4.878885221754429,6,0.5362548828125,0.04521916061639786,,,,no_evaluada,
64,rhombic,9,0,0.4043846171087562,0.0,2.528401831178905,1,0.4888916015625,0.028119733557105064,,,,no_evaluada,
65,hexagonal1,14,1,0.3590887492691446,0.0,6.874890530789928,6,0.59271240234375,0.0314866378903389,,,,no_evaluada,
66,square,5,0,0.34504216935579857,0.0,4.292393726933856,9,0.46673583984375,0.02823333442211151,,,,no_evaluada,
67,square,7,1,0.3206268645466412,0.0,7.911749205752568,7,0.54766845703125,0.05142972990870476,,,,no_evaluada,
68,square,8,1,0.2858607783236777,0.0,10.015590526512053,8,0.4630126953125,0.08966723829507828,,,,no_evaluada,
69,square,7,0,0.2777394745490334,0.0,6.360735125831306,8,0.541748046875,0.03805941715836525,,,,no_evaluada,
70,hexagonal1,4,0,0.2736804447152317,0.0,7.988672261183585,6,0.49786376953125,0.04273510351777077,,,,no_evaluada,
71,hexagonal2,11,0,0.2702844389591613,0.0,6.581293317754169,6,0.57073974609375,0.08085674792528152,,,,no_evaluada,
72,hexagonal,11,0,0.26114928188508635,0.0,18.30299149509997,7,0.4500732421875,0.1418353021144867,,,,no_evaluada,
73,hexagonal2,4,1,0.2472455668578796,0.0,3.141276173967832,3,0.34613037109375,0.042215149849653244,,,,no_evaluada,
74,hexagonal2,11,1,0.23485962826444867,0.0,10.057118387306893,10,0.44232177734375,0.09937784820795059,,,,no_evaluada,
75,rectangular,9,1,0.23123867705749496,0.0,12.910098715848944,9,0.37579345703125,0.09696413576602936,,,,no_evaluada,
76,square,3,1,0.22016326457626964,0.0,7.8406860941801835,6,0.55706787109375,0.0671466812491417,,,,no_evaluada,
77,hexagonal,6,0,0.20986171908367543,0.0,7.881845927329395,6,0.48223876953125,0.1011156439781189,,,,no_evaluada,
78,oblique,1,0,0.20599524019647927,0.0,1.593733583499,4,0.3934326171875,0.01703602448105812,,,,no_evaluada,
79,rectangular,12,1,0.2054057440376572,0.0,4.560143261008683,4,0.46380615234375,0.04395326226949692,,,,no_evaluada,
80,hexagonal2,12,1,0.17619192373188167,0.0,6.039880692608471,5,0.31732177734375,0.04047221317887306,,,,no_evaluada,
81,rectangular,6,1,0.17129788558105868,0.0,13.126416642560933,8,0.63372802734375,0.08015911281108856,,,,no_evaluada,
82,oblique,6,1,0.1633294273663681,0.0,6.469625379211278,6,0.53204345703125,0.06856246292591095,,,,no_evaluada,
83,hexagonal2,4,0,0.15613291140694469,0.0,7.91763578543743,7,0.2611083984375,0.033904120326042175,,,,no_evaluada,
84,hexagonal2,10,1,0.1523607444545793,0.0,5.032867926597127,4,0.34454345703125,0.06745942682027817,,,,no_evaluada,
85,rectangular,7,1,0.06549808653563952,0.0,6.4482436714922216,8,0.65802001953125,0.05283863842487335,,,,no_evaluada,
86,oblique,7,0,0.02868507742426221,0.0,6.245237107592657,6,0.42327880859375,0.04177442938089371,,,,no_evaluada,
87,hexagonal2,0,0,0.02272118244193654,0.0,0.7093360650887702,1,0.75738525390625,0.012672963552176952,,,,no_evaluada,
88,square,0,0,0.0,0.0,2.352979117822677,6,0.4346923828125,0.015830090269446373,,,,no_evaluada,
89,square,0,1,0.0,0.0,0.5223874740339499,0,0.765869140625,0.011417677626013756,,,,no_evaluada,
90,square,1,0,0.0,0.0,3.374421578819042,3,0.66754150390625,0.06309541314840317,,,,no_evaluada,
91,square,1,1,0.0,0.0,5.342962091382987,2,0.6358642578125,0.10858764499425888,,,,no_evaluada,
92,square,2,0,0.0,0.0,6.64966602461287,6,0.4814453125,0.055137306451797485,,,,no_evaluada,
93,square,4,0,0.0,0.0,6.283224204056009,8,0.49981689453125,0.029353780671954155,,,,no_evaluada,
94,square,4,1,0.0,0.0,9.579363058542876,4,0.57513427734375,0.083646759390831,,,,no_evaluada,
95,square,6,0,0.0,0.0,5.1425396062007955,3,0.33306884765625,0.05539321154356003,,,,no_evaluada,
96,square,9,0,0.0,0.0,5.36669066995436,3,0.49151611328125,0.06338941305875778,,,,no_evaluada,
97,square,10,0,0.0,0.0,3.1889903916689595,6,0.48236083984375,0.02902248501777649,,,,no_evaluada,
98,square,10,1,0.0,0.0,3.365854807924959,4,0.498779296875,0.034095801413059235,,,,no_evaluada,
99,square,11,0,0.0,0.0,0.9760992509248189,1,0.5906982421875,0.02473292499780655,,,,no_evaluada,
100,square,11,1,0.0,0.0,6.915486975857076,8,0.5802001953125,0.05009006708860397,,,,no_evaluada,
101,square,13,0,0.0,0.0,6.905298213530789,5,0.632568359375,0.04437568783760071,,,,no_evaluada,
102,square,13,1,0.0,0.0,1.4726636018702697,1,0.5928955078125,0.04937274754047394,,,,no_evaluada,
103,square,14,0,0.0,0.0,8.083342444772725,6,0.65521240234375,0.04978492483496666,,,,no_evaluada,
104,hexagonal,0,1,0.0,0.0,7.615092070241343,7,0.39794921875,0.054465312510728836,,,,no_evaluada,
105,hexagonal,1,0,0.0,0.0,8.235282076193737,6,0.5333251953125,0.04871317371726036,,,,no_evaluada,
106,hexagonal,2,1,0.0,0.0,8.471285337561289,7,0.5150146484375,0.06637118756771088,,,,no_evaluada,
107,hexagonal,3,0,0.0,0.0,5.0691843234565335,5,0.68408203125,0.03974585607647896,,,,no_evaluada,
108,hexagonal,3,1,0.0,0.0,5.976303583102257,6,0.64837646484375,0.06421148031949997,,,,no_evaluada,
109,hexagonal,4,0,0.0,0.0,6.3079303298676335,7,0.47943115234375,0.068364217877388,,,,no_evaluada,
110,hexagonal,4,1,0.0,0.0,4.873036795251894,7,0.42047119140625,0.029051098972558975,,,,no_evaluada,
111,hexagonal,5,0,0.0,0.0,6.949684194716706,8,0.47125244140625,0.04481620341539383,,,,no_evaluada,
112,hexagonal,5,1,0.0,0.0,7.348053818276734,8,0.49078369140625,0.0340789332985878,,,,no_evaluada,
113,hexagonal,6,1,0.0,0.0,10.569061699314801,8,0.45281982421875,0.0571383498609066,,,,no_evaluada,
114,hexagonal,7,0,0.0,0.0,4.442992750522829,8,0.4835205078125,0.030654553323984146,,,,no_evaluada,
115,hexagonal,7,1,0.0,0.0,2.0196723892714865,3,0.4482421875,0.04035621136426926,,,,no_evaluada,
116,hexagonal,8,0,0.0,0.0,5.4372254111742695,5,0.71783447265625,0.03497886285185814,,,,no_evaluada,
117,hexagonal,8,1,0.0,0.0,6.136694284106912,5,0.71051025390625,0.04467451572418213,,,,no_evaluada,
118,hexagonal,9,1,0.0,0.0,4.813769598364647,3,0.4771728515625,0.11640481650829315,,,,no_evaluada,
119,hexagonal,10,0,0.0,0.0,7.844330297407937,6,0.52508544921875,0.05470547080039978,,,,no_evaluada,
120,hexagonal,12,0,0.0,0.0,4.887807788924054,5,0.55914306640625,0.057448357343673706,,,,no_evaluada,
121,hexagonal,12,1,0.0,0.0,5.174350978357491,5,0.6849365234375,0.030538568273186684,,,,no_evaluada,
122,hexagonal,13,1,0.0,0.0,11.543575528741329,8,0.28594970703125,0.08944002538919449,,,,no_evaluada,
123,hexagonal,14,0,0.0,0.0,4.443593236288277,2,0.54132080078125,0.09379082918167114,,,,no_evaluada,
124,hexagonal,14,1,0.0,0.0,3.939017306891967,3,0.53350830078125,0.06388909369707108,,,,no_evaluada,
125,rectangular,0,0,0.0,0.0,6.490594883549596,6,0.541015625,0.04458747059106827,,,,no_evaluada,
126,rectangular,0,1,0.0,0.0,1.6949195172743887,1,0.6600341796875,0.032172877341508865,,,,no_evaluada,
127,rectangular,1,0,0.0,0.0,5.204619956119805,4,0.61358642578125,0.04731747508049011,,,,no_evaluada,
128,rectangular,2,0,0.0,0.0,0.24798351583841355,0,0.91094970703125,0.0098792789503932,,,,no_evaluada,
129,rectangular,2,1,0.0,0.0,3.6717433061343674,2,0.51788330078125,0.11849803477525711,,,,no_evaluada,
130,rectangular,3,0,0.0,0.0,2.383943948784211,1,0.75860595703125,0.028404735028743744,,,,no_evaluada,
131,rectangular,3,1,0.0,0.0,2.844884558528565,2,0.7364501953125,0.03899414464831352,,,,no_evaluada,
132,rectangular,5,0,0.0,0.0,5.809137851700784,4,0.41961669921875,0.08182813227176666,,,,no_evaluada,
133,rectangular,5,1,0.0,0.0,1.515358037348147,1,0.48809814453125,0.02906920574605465,,,,no_evaluada,
134,rectangular,6,0,0.0,0.0,9.120614285482786,7,0.50604248046875,0.059908248484134674,,,,no_evaluada,
135,rectangular,8,0,0.0,0.0,4.799983478337157,5,0.4725341796875,0.029158785939216614,,,,no_evaluada,
136,rectangular,9,0,0.0,0.0,13.984948150477145,7,0.2371826171875,0.0902903825044632,,,,no_evaluada,
137,rectangular,10,0,0.0,0.0,11.215663315581704,9,0.42901611328125,0.07787719368934631,,,,no_evaluada,
138,rectangular,10,1,0.0,0.0,7.067818600958505,6,0.40478515625,0.05847685784101486,,,,no_evaluada,
139,rectangular,11,1,0.0,0.0,21.13454358083728,8,0.48760986328125,0.1251853108406067,,,,no_evaluada,
140,rectangular,12,0,0.0,0.0,6.7955598201852006,5,0.43939208984375,0.039479006081819534,,,,no_evaluada,
141,rectangular,13,0,0.0,0.0,4.33440988016548,2,0.5120849609375,0.11252772063016891,,,,no_evaluada,
142,rectangular,13,1,0.0,0.0,2.4568990422092165,2,0.53369140625,0.04326839745044708,,,,no_evaluada,
143,rectangular,14,0,0.0,0.0,2.1534283816338964,1,0.5294189453125,0.024355348199605942,,,,no_evaluada,
144,rectangular,14,1,0.0,0.0,3.0090756145161404,3,0.43316650390625,0.037763986736536026,,,,no_evaluada,
145,rhombic,0,0,0.0,0.0,7.5146723355652165,4,0.43206787109375,0.07699263840913773,,,,no_evaluada,
146,rhombic,0,1,0.0,0.0,6.937901892863505,6,0.62725830078125,0.04452654346823692,,,,no_evaluada,
147,rhombic,1,1,0.0,0.0,4.97987983082463,8,0.3895263671875,0.021751845255494118,,,,no_evaluada,
148,rhombic,2,0,0.0,0.0,5.244252854829718,6,0.54779052734375,0.04791634902358055,,,,no_evaluada,
149,rhombic,2,1,0.0,0.0,7.518100689259435,4,0.495849609375,0.04097912833094597,,,,no_evaluada,
150,rhombic,3,1,0.0,0.0,7.822423106436451,5,0.4178466796875,0.04799042269587517,,,,no_evaluada,
151,rhombic,4,0,0.0,0.0,6.235034282295179,6,0.196044921875,0.04919329658150673,,,,no_evaluada,
152,rhombic,5,0,0.0,0.0,7.701614857501124,5,0.5301513671875,0.08270572870969772,,,,no_evaluada,
153,rhombic,5,1,0.0,0.0,16.29834813794775,6,0.48529052734375,0.1518644094467163,,,,no_evaluada,
154,rhombic,6,0,0.0,0.0,5.469036100361062,7,0.35589599609375,0.06229594349861145,,,,no_evaluada,
155,rhombic,7,1,0.0,0.0,7.798677344963193,4,0.414794921875,0.04218750447034836,,,,no_evaluada,
156,rhombic,8,0,0.0,0.0,5.342576834269344,6,0.33160400390625,0.03593647852540016,,,,no_evaluada,
157,rhombic,10,1,0.0,0.0,9.462951242095633,6,0.45343017578125,0.06245965510606766,,,,no_evaluada,
158,rhombic,11,0,0.0,0.0,18.82920940583667,7,0.36669921875,0.1722571700811386,,,,no_evaluada,
159,rhombic,11,1,0.0,0.0,5.110258474926964,4,0.405517578125,0.07347039878368378,,,,no_evaluada,
160,rhombic,13,1,0.0,0.0,5.852933110486463,5,0.45465087890625,0.04970758035778999,,,,no_evaluada,
161,rhombic,14,0,0.0,0.0,5.451788347378609,5,0.490234375,0.06651953607797623,,,,no_evaluada,
162,rhombic,14,1,0.0,0.0,6.758074737644873,6,0.3704833984375,0.10267540067434311,,,,no_evaluada,
163,oblique,0,0,0.0,0.0,6.9341610804385185,9,0.54107666015625,0.038150083273649216,,,,no_evaluada,
164,oblique,1,1,0.0,0.0,5.290914569343704,6,0.31658935546875,0.03898892551660538,,,,no_evaluada,
165,oblique,2,0,0.0,0.0,3.8222326199215986,4,0.4129638671875,0.03268535062670708,,,,no_evaluada,
166,oblique,2,1,0.0,0.0,6.216862005372241,4,0.5162353515625,0.06842402368783951,,,,no_evaluada,
167,oblique,3,0,0.0,0.0,6.55544703577713,6,0.51055908203125,0.04120282456278801,,,,no_evaluada,
168,oblique,3,1,0.0,0.0,0.7651185787868182,1,0.36419677734375,0.018152350559830666,,,,no_evaluada,
169,oblique,4,1,0.0,0.0,11.212975223652464,8,0.3419189453125,0.046649035066366196,,,,no_evaluada,
170,oblique,5,0,0.0,0.0,5.072379039355644,3,0.5177001953125,0.058036863803863525,,,,no_evaluada,
171,oblique,5,1,0.0,0.0,3.856777268675455,4,0.444580078125,0.04023853689432144,,,,no_evaluada,
172,oblique,8,0,0.0,0.0,14.427008491861514,7,0.35614013671875,0.1323184072971344,,,,no_evaluada,
173,oblique,10,0,0.0,0.0,4.6887300093933195,2,0.4632568359375,0.0909896120429039,,,,no_evaluada,
174,oblique,11,0,0.0,0.0,0.8340266409174596,0,0.49755859375,0.027079656720161438,,,,no_evaluada,
175,oblique,12,1,0.0,0.0,8.973124544466836,10,0.25042724609375,0.07866985350847244,,,,no_evaluada,
176,oblique,13,0,0.0,0.0,2.493475681645873,2,0.53924560546875,0.04164737090468407,,,,no_evaluada,
177,oblique,14,0,0.0,0.0,4.805357023448281,8,0.48638916015625,0.03762074187397957,,,,no_evaluada,
178,oblique,14,1,0.0,0.0,9.179496349432734,5,0.52691650390625,0.07009264826774597,,,,no_evaluada,
179,hexagonal1,0,0,0.0,0.0,3.87586483392314,7,0.5035400390625,0.01858605444431305,,,,no_evaluada,
180,hexagonal1,0,1,0.0,0.0,12.814667051861692,9,0.30096435546875,0.05877750366926193,,,,no_evaluada,
181,hexagonal1,1,1,0.0,0.0,12.19325428142967,8,0.43817138671875,0.056868162006139755,,,,no_evaluada,
182,hexagonal1,2,0,0.0,0.0,4.612915507247646,3,0.44122314453125,0.061445120722055435,,,,no_evaluada,
183,hexagonal1,2,1,0.0,0.0,3.560763521857241,5,0.5166015625,0.031045878306031227,,,,no_evaluada,
184,hexagonal1,3,0,0.0,0.0,2.028101541730051,4,0.48046875,0.027836870402097702,,,,no_evaluada,
185,hexagonal1,3,1,0.0,0.0,12.218745698453763,6,0.45947265625,0.07985804975032806,,,,no_evaluada,
186,hexagonal1,4,1,0.0,0.0,8.363239033195255,6,0.56683349609375,0.03389066830277443,,,,no_evaluada,
187,hexagonal1,5,1,0.0,0.0,6.989696002024571,7,0.36962890625,0.05325249582529068,,,,no_evaluada,
188,hexagonal1,7,0,0.0,0.0,8.824864941149414,9,0.515380859375,0.03790517523884773,,,,no_evaluada,
189,hexagonal1,7,1,0.0,0.0,2.755520228419905,3,0.33489990234375,0.06980382651090622,,,,no_evaluada,
190,hexagonal1,8,0,0.0,0.0,3.5618917726154775,7,0.267578125,0.03279238939285278,,,,no_evaluada,
191,hexagonal1,9,0,0.0,0.0,5.560517745824306,6,0.30096435546875,0.05639443174004555,,,,no_evaluada,
192,hexagonal1,9,1,0.0,0.0,9.290511306659882,9,0.66607666015625,0.08078213036060333,,,,no_evaluada,
193,hexagonal1,10,1,0.0,0.0,8.35358152832149,8,0.5517578125,0.0291995108127594,,,,no_evaluada,
194,hexagonal1,11,1,0.0,0.0,7.681888172122323,7,0.24114990234375,0.04528370872139931,,,,no_evaluada,
195,hexagonal1,12,0,0.0,0.0,8.279834251896808,6,0.53924560546875,0.05041811987757683,,,,no_evaluada,
196,hexagonal1,12,1,0.0,0.0,8.395813717351167,7,0.53338623046875,0.04764556139707565,,,,no_evaluada,
197,hexagonal1,13,0,0.0,0.0,7.546298188260902,6,0.462890625,0.06628505885601044,,,,no_evaluada,
198,hexagonal2,0,1,0.0,0.0,3.9090901866103502,6,0.38726806640625,0.03854358568787575,,,,no_evaluada,
199,hexagonal2,2,0,0.0,0.0,5.812201903039756,3,0.53106689453125,0.05310184508562088,,,,no_evaluada,
200,hexagonal2,2,1,0.0,0.0,5.195308903251539,6,0.30712890625,0.06221093609929085,,,,no_evaluada,
201,hexagonal2,3,0,0.0,0.0,4.4079652110032415,6,0.475830078125,0.05095000937581062,,,,no_evaluada,
202,hexagonal2,6,0,0.0,0.0,11.561658460783278,9,0.41717529296875,0.05365481227636337,,,,no_evaluada,
203,hexagonal2,7,0,0.0,0.0,9.63569267769961,8,0.37420654296875,0.03885312378406525,,,,no_evaluada,
204,hexagonal2,8,0,0.0,0.0,6.488584809991875,5,0.5068359375,0.04956992343068123,,,,no_evaluada,
205,hexagonal2,8,1,0.0,0.0,7.034096775717713,2,0.388427734375,0.13416872918605804,,,,no_evaluada,
206,hexagonal2,9,0,0.0,0.0,4.474571912912396,5,0.440673828125,0.040023788809776306,,,,no_evaluada,
207,hexagonal2,10,0,0.0,0.0,6.1537165638890094,9,0.488525390625,0.03771096467971802,,,,no_evaluada,
208,hexagonal2,12,0,0.0,0.0,6.610425647332844,7,0.54486083984375,0.035734448581933975,,,,no_evaluada,
209,hexagonal2,13,1,0.0,0.0,7.776489686192093,7,0.31488037109375,0.06290077418088913,,,,no_evaluada,
210,hexagonal2,14,1,0.0,0.0,4.4621722838768125,5,0.41168212890625,0.041849300265312195,,,,no_evaluada,
